{"train_accuracy":1,"_timestamp":1.736933608345896e+09,"_runtime":357.701569,"_step":4689,"_wandb":{"runtime":361},"train_loss":0.02038038708269596}